rank,billing_npi,total_claims,total_paid
1,1417262056,89773441,7177816544.46
2,1699703827,30870976,6778483867.35
3,1376609297,63523750,5571605313.0
4,1699725143,107716418,3093063112.9
5,1922467554,21977069,3025874966.69
6,1710176151,35557539,2683634591.67
7,1629436241,16349155,2596064454.98
8,1982757688,1950098,2254946211.7
9,1538649983,22162533,2105798329.42
10,1528263910,4656205,1728502977.19
11,1962650622,11238391,1682424022.37
12,1720151046,7928022,1476339972.58
13,1356709976,5287026,1452536495.04
14,1396051694,9386423,1442353043.54
15,1538144910,103910314,1436181704.91
16,1447261540,8714521,1398902370.04
17,1750504064,1662383,1349935087.72
18,1417099789,6184815,1344222550.1200001
19,1073055208,10541518,1281885231.52
20,1376554592,1593649,1225040114.19
21,1518096411,1557105,1143418621.17
22,1700090834,14999665,1125938944.49
23,1780816991,6915432,1107509967.21
24,1275657553,7622845,1101806880.0
25,1134250475,1432892,1097550708.19
26,1376097303,6692707,1081483692.76
27,1578778726,23557851,1080566062.71
28,1083783013,5875713,1077342251.7
29,1326168840,3312341,1073667311.34
30,1659402303,6138417,1068150354.86
31,1184703415,5015054,1061917965.84
32,1720145378,10544174,1061171577.13
33,1194934471,6532613,1053552904.84
34,1396049987,2757160,1042893317.11
35,1518098359,11206578,1037216238.4
36,1518049485,5716218,1025590031.98
37,1932341898,306131,996801121.54
38,1952476988,17112336,961141901.37
39,1457410904,5589304,953479646.08
40,1093834020,51017667,910633453.0600001
41,1043386659,4320082,903144307.96
42,1134260078,34388480,894406192.52
43,1124304621,5599208,887501813.41
44,1245354000,781227,881889979.78
45,1871821710,4759464,865877079.43
46,1679525919,16016267,863549395.76
47,1053321869,14797415,858202022.04
48,1033571658,5704959,848211431.1
49,1801060363,5447800,842517560.21
50,1730438706,4928110,840475278.04
51,1104963347,4933775,806659263.46
52,1124494059,910831,780976224.27
53,1134152986,11019261,777537649.43
54,1770022691,5661079,775248390.58
55,1346218294,14457145,768481072.41
56,1457562811,4839538,767950561.97
57,1184166027,6527516,759749435.75
58,1528338282,4827072,759480229.5
59,1447393319,4169477,745668883.76
60,1528315397,4689038,740001913.97
61,1821275801,4166637,737824812.5600001
62,1992920417,9313474,733082656.72
63,1770538001,3034929,728111212.47
64,1457601965,26606071,723937836.8
65,1063497451,109455732,717466640.82
66,1518911338,8817197,716407787.9
67,1063812105,5318854,714231712.54
68,1407897309,9991272,708859553.08
69,1104253558,8270331,708682479.28
70,1952346876,1626136,708513856.49
71,1932106010,3291802,703738514.8
72,1730244294,3803723,696610298.1
73,1649363342,3665321,686260064.07
74,1265926687,4947130,680727558.69
75,1366479099,111637602,668499553.82
76,1194165985,3944870,667442680.69
77,1437175734,8471931,658485314.25
78,1730491945,7838014,643184712.3
79,1225255375,5455305,642451488.14
80,1558672279,7257656,641511859.92
81,1932145778,57184397,637741416.64
82,1447488721,3446648,636580818.96
83,1326111337,10763744,631608444.85
84,1801027404,3406847,624768225.25
85,1134277494,60790152,620067105.66
86,1932184322,53462000,617017961.77
87,1306875695,790946,615308759.58
88,1518259035,3502099,609810517.82
89,1932721834,5766334,606657803.13
90,1861520272,17581374,600905872.13
91,1245414721,7464255,598860245.02
92,1508199258,3115644,598198692.3
93,1053641498,2755271,590623456.31
94,1003953803,3013352,588362360.46
95,1497933162,30684871,579294569.0600001
96,1508025370,3902694,576959418.11
97,1700828852,10961069,574131419.67
98,1891728697,9598455,571724616.59
99,1720121106,1802919,560383490.86
100,1083765689,11242943,559483344.48
101,1861506560,6634271,556646906.72
102,1760480503,4185462,555705726.24
103,1275752065,6632240,554866274.0
104,1619969458,4950940,546516638.84
105,1780045542,702749,545383072.11
106,1184841926,2591493,541945209.98
107,1538371778,2590168,540711656.62
108,1427138726,3178417,536975607.71
109,1649462169,3190349,536743822.0
110,1558781559,3738812,533674569.64
111,1952591851,7332545,533305232.6
112,1275665457,11162404,529965639.35
113,1487721155,3194897,528001344.67
114,1881708899,10338535,522623914.18
115,1841302445,2659476,521690136.62
116,1932541729,6692783,520349749.07
117,1336117621,3854882,518099159.43
118,1639172810,4860818,509260010.31
119,1154317527,10036136,506717191.01
120,1326170796,2593899,504367806.84
121,1164535274,477988,503987183.92
122,1659769446,7922041,501081513.79
123,1780630608,7181828,500546324.37
124,1639473580,2913712,497092595.69
125,1447886288,3328210,493553307.08
126,1184779332,3556445,493376371.85
127,1831151455,9725181,491010298.61
128,1073730347,225775,490725902.51
129,1063436723,89469,481636325.67
130,1689712481,3981132,477736242.1
131,1568658821,4280553,473443035.87
132,1528281532,750654,465361804.09
133,1689747552,6996849,463287047.17
134,1275849283,1868258,462989708.41
135,1013377431,3056425,461002867.33
136,1114070752,2148532,459715463.31
137,1194832477,7110407,454946329.24
138,1023140498,578640,447546116.82
139,1942339825,584358,443959619.77
140,1467832584,3279635,442602790.51
141,1023049236,10261638,437796181.47
142,1295842508,2238893,437462889.24
143,1982735643,658415,435792281.77
144,1801276738,4252057,435598227.46000004
145,1477921609,3250176,433777650.85
146,1881630614,29324170,429837133.54
147,1740556844,3198791,427172837.18
148,1609858729,5838333,424768920.48
149,1316943566,3712955,422725253.93
150,1962502229,6712742,422304653.87
151,1043348808,5948130,419580329.27
152,1417002007,2593462,419389189.82
153,1922463751,20303015,416783154.95
154,1205378379,2952190,412840826.71
155,1730451071,1213709,407155351.56
156,1679524961,4851928,406511580.96
157,1295261683,1028417,401151949.83
158,1255333597,6765929,400057183.42
159,1962432682,6348236,399821248.65
160,1063525152,6356829,398402839.29
161,1437368891,2150032,397151976.52
162,1841739752,3003287,395462114.75
163,1619334323,1917345,392677097.06
164,1750769345,2677952,391512861.78
165,1780921387,2912499,388604053.36
166,1053688572,5303467,387661175.62
167,1548212988,5296668,386699974.4
168,1114931391,2710132,381851367.32
169,1588659528,2167654,380766370.12
170,1215027966,3336430,380157757.56
171,1841476009,1912509,378766712.82
172,1144349150,2713342,375843412.19
173,1215934005,2111038,375327737.16
174,1487655064,7805534,374467033.51
175,1124231782,1418547,374255588.68
176,1982747192,4710077,373629555.35
177,1285641514,4006664,370910465.95
178,1891227203,2493293,369966268.09
179,1265483457,2195165,368389281.59
180,1346285657,4872721,368317925.64
181,1083715460,2606841,363841502.92
182,1083632897,5654118,363787662.74
183,1396767430,4583159,363759740.7
184,1093826596,6585441,363489576.56
185,1336560390,2456267,363330596.57
186,1215998323,4711661,362912756.86
187,1104176676,975307,362479854.44
188,1487602736,4351444,360316532.96
189,1871651588,1841668,356441972.32
190,1821456526,855357,355702412.85
191,1568442309,4611446,354034396.34
192,1487603585,7863886,352571667.32
193,1609099910,390343,352210923.5
194,1669878567,4669455,352134469.09
195,1114058872,341759,350130933.04
196,1588157424,2404841,350102592.29
197,1790826600,1966034,349263532.75
198,1902023526,2742266,349237896.32
199,1649301789,812078,348960028.71
200,1417027558,5745382,348432638.55
201,1417349622,563906,347298880.67
202,1215913470,6794821,345535537.66
203,1023199965,2637648,342635897.57
204,1417941774,8217300,338970874.31
205,1194028969,846562,337944535.2
206,1689744856,3176722,336381755.53
207,1497014252,1612978,335149379.83
208,1134144801,9624453,334910515.15
209,1386773273,272805,334275022.02
210,1073854451,737688,333873624.61
211,1457456279,3535028,333032793.87
212,1770700221,897799,332176357.08
213,1164572616,1223875,331813482.83
214,1235677162,2063157,331685847.39
215,1447641493,628939,330988084.83
216,1710087127,4733583,330793079.99
217,1619363678,2571655,330224737.67
218,1295869428,277210,326663146.06
219,1245430438,12967883,326016792.19
220,1437541133,2328850,324861584.26
221,1992980387,2201164,324296314.6
222,1669462420,4731861,322401873.4
223,1750823381,2034473,320007764.49
224,1992781470,3613499,318861367.82
225,1003878539,8665549,317769537.22
226,1811062763,10112770,317626963.91
227,1770795536,782091,317166187.16
228,1447382817,324256,316561274.43
229,1770696643,7407519,316278903.31
230,1437156635,1163098,315865302.27
231,1417406679,2158444,309887048.5
232,1245364595,401166,309701914.58
233,1245239540,5888511,309522643.49
234,1730421553,2428894,308959225.26
235,1558756296,1727955,308393772.85
236,1174649644,3429973,306828528.07
237,1205965258,326169,306218639.71
238,1629283197,2506116,305796831.15
239,1902811342,3062701,303978534.04
240,1619341716,4406436,303176085.0
241,1790835296,411853,302447890.81
242,1700960580,3121516,302345323.23
243,1730278409,1933274,300656752.38
244,1255385399,1212453,299955611.69
245,1972809051,14684050,299874734.94
246,1891799227,3175044,299002604.18
247,1104981356,8818063,298943537.56
248,1851422661,334258,298421390.0
249,1225468663,1928966,298393492.98
250,1538105366,28495059,298054860.64
251,1275197055,4565275,297879003.02
252,1700120888,1141499,295371494.01
253,1902921380,3878634,294234308.59
254,1932166980,2690066,293427653.4
255,1720471568,1917268,293400053.33
256,1164887808,8662499,290808661.47
257,1457379448,3020929,290632680.64
258,1295726032,29662567,289116238.95
259,1912919481,3749193,288158032.02
260,1356334577,1451225,288086730.68
261,1992910152,7011413,287340554.38
262,1215921457,1676908,286882029.6
263,1891765178,1086550,286651231.61
264,1700947298,1150766,285983083.81
265,1619224029,1549034,285833300.69
266,1730366824,3847864,285527371.94
267,1407855240,225012,285062222.19
268,1891092649,1498229,284703394.22
269,1306388525,2555591,284456363.2
270,1639711294,4469131,283151941.18
271,1003039322,303939,282079072.51
272,1518022763,226124,281653043.34
273,1750368700,4783978,281437556.38
274,1679602502,270700,280884596.78
275,1265802847,651482,280807223.9
276,1952852113,2122166,280570632.1
277,1982869459,1638380,280435943.42
278,1932103413,5011660,278959195.29
279,1174689665,4403111,278662434.15
280,1194706655,6876263,278420282.62
281,1477643690,1753239,277277789.69
282,1790721538,26910771,276762744.6
283,1629407069,983414,276545732.09
284,1386022101,770929,276415290.1
285,1659315430,1698884,276252681.48
286,1750781076,1994881,275735217.45
287,1508089699,341103,275000143.3
288,1174661078,1797757,274715743.79
289,1538668165,1789951,274420610.68
290,1528105558,2865391,273741644.28
291,1477807667,3888341,271781215.8
292,1184259913,3547699,271594336.32
293,1548202641,7802371,270281399.95
294,1154480069,1582590,270209401.04
295,1396048070,2758693,270125586.31
296,1447575204,1412490,269903559.57
297,1003847807,637252,269654252.43
298,1124186747,1524896,267122655.54
299,1871713495,7411868,266391325.03
300,1740262880,31036545,265904923.85
301,1962564328,970369,265469406.60999998
302,1184722779,4174520,264994583.83
303,1871543215,3937825,264820794.14
304,1386751162,1475218,264796677.91
305,1902809940,15254290,264262233.27
306,1700901725,12462007,264102389.60999998
307,1447510326,1562448,264007636.47
308,1720049190,2097171,263808587.71
309,1194743013,1364671,263765032.9
310,1295827780,1688554,262561068.16
311,1972954923,2492970,262441757.19
312,1750482022,4551447,262198153.46
313,1972047181,1808240,262161188.75
314,1467523746,3958415,261239884.38
315,1093777492,3389055,260808086.0
316,1326502865,1068705,260593398.10999998
317,1801270137,3253616,260215578.53
318,1316158983,961373,260208797.53
319,1063431070,631402,260024323.14000002
320,1982843124,1848151,260006276.1
321,1457788275,3887574,259128731.69
322,1528064409,3372937,255730619.38
323,1881622892,935196,255698082.17
324,1912390931,1853690,255223068.46
325,1912914821,3899170,253656709.06
326,1366580706,4491410,253416240.26
327,1790717650,6310608,252584159.89
328,1174793996,1709436,252474520.66
329,1073576740,4606950,251457852.8
330,1790908002,407762,249649772.08
331,1912903717,5526819,249150215.49
332,1134271661,2468547,248942412.29
333,1417486531,989004,247924558.33
334,1366780850,823730,247198154.94
335,1528126133,2277275,245882154.82
336,1336238237,2071229,245212710.88
337,1154788412,1761461,244854988.11
338,1740339381,161403,244753415.93
339,1245765163,1678850,244570607.52
340,1689652166,4320163,244212833.77
341,1922090554,7025479,243224155.98
342,1437534559,2301430,243167425.76
343,1760491674,2626038,243114592.18
344,1912939703,2196636,242963810.95000002
345,1659435840,5858419,241430552.67
346,1649472853,1590061,241261306.71
347,1962083493,583225,240850154.69
348,1104802354,3995600,240239258.79
349,1851333686,2372309,240209148.81
350,1548378235,2832952,239081014.11
351,1750053948,755970,238967730.89000002
352,1801992631,4685853,238686702.33
353,1477582609,2402081,238591774.2
354,1033162987,1402242,238168727.17
355,1679606735,1254562,237170877.44
356,1588804405,1270189,237061792.87
357,1013374222,5974394,235663391.03
358,1649678350,1733722,234484853.36
359,1194144873,2600523,234141685.79
360,1467595793,1866781,233932013.26
361,1811997638,6891057,233148643.47
362,1134455942,1631816,231763646.77
363,1568407310,3452765,231531116.04
364,1720166259,857662,230928305.37
365,1184827990,1817607,229900465.59
366,1912976408,4607327,229107211.02
367,1760618961,2620164,228545944.85999998
368,1043382302,82891,227313342.2
369,1659601979,3226844,227192118.98
370,1164487542,3252356,227071353.69
371,1255360517,3230816,226974802.17
372,1528041811,2443214,226695571.54
373,1285758300,376713,226031966.03
374,1053772905,487946,225241766.72
375,1699896316,213280,224864469.64000002
376,1043279011,576921,224601483.9
377,1265529168,493379,224454102.0
378,1447546007,789158,224307101.57
379,1023175072,9635556,224149166.57
380,1578683694,999397,222949564.42
381,1851346720,6507603,222763654.83
382,1558416701,1940630,222593125.35
383,1366419517,2405107,222293141.83
384,1366515488,1044499,221155052.55
385,1588656870,4831388,221143872.98
386,1053477075,4101984,220100848.46
387,1891770806,8750297,220037247.59
388,1417954165,3859353,219628282.77
389,1235188673,4161479,219576484.92
390,1467536276,3584766,219534926.72
391,1962728584,1173036,219390745.11
392,1578665048,4314959,218818427.28
393,1225546575,2274796,218299625.67
394,1003930256,215609,218126934.6
395,1265819106,615141,217946860.06
396,1679587679,4737613,217677572.21
397,1295752384,850292,217070731.11
398,1902341050,1583583,217060278.35999998
399,1033289533,1154699,216984969.02
400,1396756938,214461,216551322.62
401,1518373703,1728890,216341203.5
402,1689682932,4012447,216291929.57999998
403,1487632998,445618,215335418.76
404,1255377149,4231106,214992042.21
405,1013919315,2683355,214909154.95
406,1790082410,1477913,214867089.28
407,1770538068,1218556,214273045.96
408,1962585638,1217706,214084111.18
409,1730466590,5645867,213774817.05
410,1376085100,1971534,213711242.45
411,1942694948,1191466,213687703.35999998
412,1992805022,643891,213401878.96
413,1366430563,2346867,213090354.52
414,1497870943,676686,212829451.97
415,1609812445,15295177,212275717.33
416,1043488034,3024851,212175915.83
417,1215028931,3632423,211489378.63
418,1932166386,19587798,211134089.71
419,1255365599,1050852,210426117.13
420,1952347791,45938450,209742563.95
421,1780621904,6015921,209657270.32
422,1386746592,3869212,209406546.67
423,1356379382,4194505,208943380.31
424,1588855100,1682483,208392820.19
425,1568910677,1456200,208345252.26
426,1760897755,4619179,208133530.84
427,1710006051,544933,208022188.21
428,1467589911,1904928,207858505.69
429,1477628758,756075,207509173.02
430,1952332801,3132313,207366640.09
431,1033370317,492422,207324061.73
432,1265848675,438522,206621411.68
433,1891832234,1847621,206109230.47
434,1669466561,6309714,205921863.75
435,1366436123,3827381,205685425.0
436,1063567691,1205315,205264788.43
437,1902999022,2189549,205149604.12
438,1730302829,321786,204871239.76
439,1538292768,672713,204755691.87
440,1053357905,295430,204354682.66
441,1710924683,6118276,204323294.24
442,1730369760,612067,203820195.87
443,1902863202,2809039,203693060.66
444,1790994952,783292,203245562.65
445,1326288556,1929423,202913010.07
446,1225168933,2752385,202295022.47
447,1568540763,2525560,202196038.49
448,1609849074,3509617,202136402.43
449,1639138480,19123619,201288692.2
450,1356408082,1398943,201154275.69
451,1194711226,678263,200964428.85
452,1205033289,3948072,200961048.24
453,1508072588,598414,200572129.0
454,1265515639,1386697,200303782.99
455,1184612764,2466453,200025637.76
456,1396886297,1071305,199938874.59
457,1194062448,17471892,199858546.9
458,1952390239,4024224,199836981.82
459,1437458437,733284,199636917.53
460,1720011810,3868184,199618075.41
461,1659330686,2676880,198849836.12
462,1942576905,482306,198705710.48
463,1750827127,1166366,198264655.10999998
464,1346243375,2702345,198255360.08
465,1366543795,10616684,198238415.99
466,1447359997,4103101,197865657.18
467,1518903350,24341922,197582867.09
468,1629141213,1144589,197481598.91
469,1053821728,654249,197189859.61
470,1699984724,1248002,196727809.71
471,1134632599,832481,195928568.53
472,1346564127,2458337,195342935.93
473,1871647115,627961,195090095.45
474,1174680557,2216965,195022003.93
475,1265820179,3550797,194417422.51
476,1104986017,32409,194342716.42000002
477,1598793671,2375545,194182598.74
478,1548602378,1380277,194030722.94
479,1699782722,7411693,193810662.97
480,1942304126,930786,193801439.98
481,1083810055,1808348,192742245.95
482,1669562328,1477111,192165526.72
483,1568512770,650551,192142597.37
484,1396716858,2310507,192131540.33
485,1396822839,1448129,191804343.32
486,1205927928,824169,191010017.45
487,1962461889,3200864,190650224.07
488,1780639971,430719,190581941.35
489,1104982917,2823800,190494081.73
490,1245305416,352151,189664281.47
491,1255868915,1195439,189660524.86
492,1104202761,3377658,189387729.77
493,1306182548,105104,188981224.15
494,1306912282,668600,188886317.42
495,1376526616,1720509,188329379.4
496,1467492421,4271419,188250923.2
497,1558410233,1336885,187996314.22
498,1003803032,7289003,187983111.72
499,1609807122,3806991,187762033.54
500,1073608998,29739,187472847.16
501,1487608485,7479414,187394552.63
502,1174610075,814826,187336349.01
503,1396750188,2228875,186856558.38
504,1437533627,1838169,186854718.62
505,1073599478,17061269,186689145.0
506,1184602518,76767,186680358.33
507,1629282272,1853772,186664285.68
508,1043295934,534955,186629798.54
509,1689639544,6668299,186018381.12
510,1093787095,1950809,185795247.73
511,1114924834,3091773,185493396.35
512,1619105244,4492541,185264697.48
513,1801920111,2118463,184771602.69
514,1427267806,1385277,184378247.99
515,1588611842,1469958,184364066.13
516,1275672057,699937,184126063.82
517,1518094176,361667,183015349.91
518,1225110497,12016657,183007871.66
519,1992092274,119574,182856173.12
520,1740353861,2035763,182706936.77
521,1588712020,925570,182456074.78
522,1831263110,63568,182091632.09
523,1861447179,7447014,182029810.37
524,1720319726,986720,181657233.87
525,1285621623,4310485,181382124.61
526,1609261478,1303355,180708141.26
527,1538471800,3915408,180238665.03
528,1275604977,5978106,180199793.14
529,1619047131,898925,180186829.78
530,1073997680,1164465,179976482.33
531,1578554630,3290130,179830984.53
532,1861554438,2408658,179414718.83
533,1134452865,5481077,179414627.5
534,1255451597,3014616,179326388.44
535,1043224355,3786979,178841758.4
536,1184780629,142124,178326930.63
537,1356357115,1898120,178229846.51
538,1245370717,3580920,178141487.41
539,1518032622,945066,178125874.45
540,1295789907,3108568,177746600.15
541,1104997121,2583623,177637742.73
542,1710918545,2705327,177545212.3
543,1972655991,124202,177402110.67
544,1558535013,2017036,177277886.73
545,1972662328,945003,177008500.02
546,1215375985,1101876,176735544.75
547,1831220714,2860436,176675235.49
548,1033154026,3755175,176532494.56
549,1073535027,3438615,176327486.27
550,1629357629,1082835,176231607.73
551,1336234194,2984969,176202880.98
552,1972598449,1389652,175858802.32
553,1999999984,7882006,175814218.49
554,1881061695,4732853,175737981.78
555,1750358297,1273291,175720756.6
556,1255523494,789594,175627726.54
557,1871540237,1625065,175320722.95
558,1639686793,977319,174640204.15
559,1306938071,7596642,173979588.21
560,1104931625,823210,173976280.82
561,1508124488,4161737,172944106.61
562,1427182286,853277,172908169.69
563,1447275037,4878292,172795577.18
564,1427343219,779151,172746561.79
565,1194020370,22926,172726465.68
566,1922335843,1052239,172281254.98
567,1689778953,797441,172173555.05
568,1295763217,3035472,172150510.32
569,1366594699,2853265,172062054.8
570,1700087590,4052086,172033330.29
571,1093789901,1601843,171568601.99
572,1851781314,948049,171283719.16
573,1255314704,37608686,171132435.03
574,1063839322,398224,171052910.98
575,1912021452,930002,170956680.19
576,1932570595,1370337,170823209.44
577,1962587071,2030737,170808263.35
578,1104847946,1616350,170758161.83
579,1467538520,2383944,170747346.82
580,1396765681,3710689,170729548.7
581,1679279046,139427,169838122.0
582,1063833358,994795,169732235.99
583,1386703304,688223,169664870.29
584,1104024926,770703,169641840.83
585,1205813540,1630436,169569445.56
586,1376623538,2746824,169300885.23
587,1205293321,1013717,169038811.84
588,1528144318,2351816,168981642.5
589,1295937712,1424348,168888495.38
590,1063630838,623421,168780836.24
591,1548347156,922782,168526474.0
592,1043267107,4091213,168306108.69
593,1396812897,1264756,168037723.33
594,1811044878,3961907,168035919.29
595,1669423380,4791823,167777037.77
596,1134165970,11892402,167169121.85
597,1033591003,444158,167037729.85
598,1811973100,3914418,166973750.31
599,1376675785,419003,166942970.17
600,1164577391,852318,166706396.01
601,1831449370,325120,166586328.54
602,1932472107,505760,166534127.7
603,1821032913,1263610,166380906.21
604,1629137575,3936771,166252391.95
605,1477814879,1385194,166137609.9
606,1881058071,1010751,166008805.02
607,1104991066,653524,165769772.59
608,1346208949,46758,165627376.42
609,1740230119,7046474,165609788.98
610,1104368315,1759173,165605248.04
611,1750767802,1243868,165294407.09
612,1255719514,1198354,165278758.45
613,1851569834,948518,165121628.46
614,1184791998,1210035,164548158.68
615,1902944853,733341,164430832.68
616,1730132515,4021450,164344884.94
617,1972601193,371048,164224163.48
618,1376662536,448673,163985530.82
619,1548367873,2901521,163588496.89
620,1689744492,877310,163521232.6
621,1962457812,3146832,163380755.63
622,1619007630,1333642,163355434.46
623,1760426969,4906079,163267654.42
624,1518998699,2757807,163202795.36
625,1003147588,1129821,163114617.51
626,1467517235,3316330,163006007.02
627,1891989794,1088484,162868017.86
628,1609892280,1345505,162855889.13
629,1689653305,6223420,162640384.53
630,1922112044,2756515,162374551.19
631,1366556227,6854549,162248215.52
632,1285826438,2250697,162238283.82
633,1275504508,3232843,162035289.64
634,1255364923,293771,161907573.08
635,1003961251,2536928,161812686.87
636,1336119478,2522106,161731841.91
637,1407998842,538357,161692388.66
638,1053363119,2296473,161453834.12
639,1043371826,1686116,161278500.02
640,1275683666,627742,161049967.53
641,1578510137,2630844,160955316.39
642,1861675506,2513595,160810791.04
643,1063431286,3609047,160743521.77
644,1023230695,1443039,160588164.65
645,1073561825,636803,160438332.94
646,1154786846,931794,160418317.36
647,1285016758,8433773,160363652.12
648,1427063270,3954456,160323580.5
649,1437781499,257466,160213995.65
650,1407804669,4669409,159906582.74
651,1043554348,864829,159875732.03
652,1487031092,1162961,159746093.6
653,1871546648,5135777,159685704.68
654,1215021019,1683116,159682964.84
655,1023088168,6873326,159405512.65
656,1194769497,17848189,159397303.23
657,1073688354,3581941,159264363.63
658,1790789147,3344045,159203765.57
659,1497136592,649871,158917527.21
660,1336467166,2571202,158757504.06
661,1629154455,692473,158695592.13
662,1003360397,883496,158587823.73
663,1770826679,1003220,158463831.51
664,1336361427,1038893,158120710.59
665,1376873380,1039742,158059108.83
666,1639160708,1487782,157911905.86
667,1255334173,5378548,157851735.91
668,1144420670,1876501,157625927.71
669,1952364747,3140188,157264167.89
670,1689783672,1092108,157175590.49
671,1134264948,710965,157130280.28
672,1376663567,1009614,156872692.22
673,1902901333,2160558,156839691.3
674,1043397292,2733531,156831349.45
675,1487727715,736134,156611696.62
676,1376980409,3713169,156501809.76
677,1023489911,1011311,156140672.41
678,1922260892,1145802,156067580.96
679,1134200942,386429,156043354.26
680,1053384776,2444013,155866810.14
681,1427590371,1318300,155549118.09
682,1902286214,459073,155519096.79
683,1700961646,2970772,155274211.57
684,1871906032,1060897,155187562.63
685,1184769069,1776447,154955729.35
686,1194776757,3793084,154954168.98
687,1902968266,569758,154946648.04
688,1811289150,1534667,154847853.25
689,1174914477,1111710,154670932.69
690,1245468727,1894301,154624549.35
691,1295898393,1577534,154591314.72
692,1093873382,188219,154478557.87
693,1134297328,129757,154302816.4
694,1982102109,2613987,154247260.77
695,1063599405,785403,153874292.24
696,1184758310,512436,153840065.58
697,1255496220,114449,153607409.61
698,1235255597,446495,153570471.03
699,1104368703,1339864,153439933.87
700,1639132442,817410,153316633.78
701,1689608150,4108074,153055986.72
702,1154549921,366343,152980553.17
703,1700072543,2983592,152835976.47
704,1427114099,1429913,152824919.16
705,1932123247,3288824,152600082.81
706,1538151428,5935206,152466937.41
707,1447281936,7054107,152448324.41
708,1184878274,1780252,152079113.4
709,1972507580,3639406,151598939.44
710,1407854771,3399237,151223641.36
711,1003914946,714327,151113377.4
712,1104819366,1583325,150926038.28
713,1548226988,2827894,150326465.88
714,1295765261,3855758,150130540.82
715,1609922194,1159751,149835856.16
716,1255330825,1008148,149693512.54
717,1740376292,542300,149619585.2
718,1548431570,465611,149589915.06
719,1992850952,441668,149570135.24
720,1841327673,836359,149214844.98
721,1063568764,2819060,148946289.2
722,1285613612,3299869,148833101.28
723,1548317852,708435,148794561.71
724,1518068071,684682,148647272.08
725,1609909175,826840,148501836.98
726,1982048138,933038,148438370.48
727,1962476259,18553215,148128086.68
728,1962793547,2331920,148060842.68
729,1952690463,2296231,148046905.35
730,1356427397,859909,147838997.64
731,1831265115,1587375,147833759.34
732,1386023976,550285,147496969.9
733,1447618061,1441015,147414628.74
734,1265954630,1192137,147409518.25
735,1073633376,366668,147298338.61
736,1659352276,64360026,147141937.29
737,1346479169,1284222,146977669.0
738,1063426377,3455689,146568057.88
739,1669667150,2514752,146507171.86
740,1629418835,1279141,146505517.99
741,1801927645,4493816,146352462.47
742,1679601645,2017158,146044054.46
743,1821036807,1734785,145854205.89
744,1336435031,70223,145845268.78
745,1326031022,463838,145825890.74
746,1447472980,1037927,145809421.44
747,1407244304,885873,145741640.15
748,1891134318,966738,145667460.8
749,1780985010,791104,145665969.15
750,1972678266,617325,145639967.97
751,1912080482,1668137,145535468.73
752,1043380330,7250760,145443135.71
753,1053342816,3493646,145263355.12
754,1417005257,2426106,145211742.16
755,1972583078,6705292,145154612.37
756,1134377781,4714639,145138449.51
757,1710901939,418286,145015403.58
758,1114461704,1032817,144948891.91
759,1457321317,1459443,144138017.99
760,1205962883,105208,144111253.96
761,1831363324,1438200,144001449.89
762,1609848811,1086168,143867599.12
763,1407228885,593732,143641484.16
764,1760499545,2804606,143562823.5
765,1821103821,1373957,143503639.10999998
766,1184706566,902482,143253649.36
767,1881837110,1573517,143076884.41
768,1679504864,887611,143045510.57
769,1053584482,13619013,142978147.1
770,1518911304,6069351,142955745.86
771,1760436216,3045475,142715238.72
772,1346766805,1109021,142701384.11
773,1790742153,613025,142551699.14
774,1053366740,2656895,142283328.93
775,1811384100,1075083,142241262.22
776,1770583999,2307693,142211286.01
777,1902267479,1286493,141786981.68
778,1811042856,696670,141763920.73
779,1427058510,2275920,141456539.65
780,1619913449,29528771,141236563.08
781,1316029549,1383282,141183941.23
782,1801922620,899040,140903668.76
783,1841224870,3763687,140846995.79
784,1609997311,2345767,140724819.64000002
785,1124127683,794957,140711421.67
786,1972579837,1484819,140710772.73
787,1881697381,374863,140627796.77
788,1427003862,573442,140399270.66
789,1891820668,880718,140377799.05
790,1154355188,3378165,140259118.72
791,1356331425,4198195,139831900.53
792,A430617100,2208105,139780633.57999998
793,1346451796,1478200,139565142.39
794,1023226412,735131,139415479.65
795,1295957561,514564,139331109.04
796,1427271378,5067639,139243287.48
797,1265860803,2154361,139153769.49
798,1982781571,792742,138939254.68
799,1437154010,4675272,138917051.05
800,1740389154,1319760,138853988.63
801,1013181205,798965,138840949.2
802,1417930892,1366744,138656168.22
803,1487649430,2151213,138581569.48
804,1013997691,2070685,138289614.28
805,1144211301,2386757,138190848.48
806,1871542340,725946,138041258.81
807,1851726731,5169150,137995034.85
808,1407370117,741467,137718870.07
809,1730121633,4624085,137693261.92
810,1730211178,1118523,137686467.91
811,1033239058,1170455,137684006.92
812,1790735827,1928381,137681857.73
813,1396882205,2376792,137587876.69
814,1396728630,1386238,137519577.65
815,1598898603,171067,137093042.29
816,1205822236,4034511,137026667.86
817,1952857419,1026514,136999835.55
818,1578967386,379071,136963010.31
819,1124073366,2945648,136947659.2
820,1083612881,2749303,136903266.97
821,1396857488,1999431,136809969.24
822,1366547747,3118184,136797357.47
823,1316206220,996226,136727481.32
824,1245212380,728359,136663125.56
825,1881051167,6174743,136507505.04
826,1487640207,1835526,136253094.59
827,1164543765,204880,136251696.62
828,1093810889,3105548,136186368.15
829,1700092459,4077349,136186185.97
830,1629167457,3011483,136145542.08
831,1376760835,465875,136051608.9
832,1689629990,1718750,135907422.96
833,1699769901,1446664,135878673.88
834,1649681362,823581,135805884.39
835,1619419835,957803,135379412.54
836,1588614994,5158011,135327303.92
837,1598000549,641811,135176226.02
838,1700887411,1316373,135127586.09
839,1225205354,174799,135035654.62
840,1447457148,954455,135029333.63
841,1427246669,582965,134901191.78
842,1336149426,85831,134875477.82
843,1083789564,915807,134663270.25
844,1124560248,1499284,134428119.04
845,1992886881,137318,134327009.41
846,1578971214,1488504,134277839.22
847,1992216766,600758,134118490.95
848,1033494943,4146117,134000390.75
849,1407839921,1447137,133749346.05
850,1508809427,2458194,133692691.28
851,1275697195,575410,133691587.87
852,1124155825,221134,133650771.6
853,1427124494,357551,133341984.4
854,1134107113,1407451,133340173.27
855,1598043747,64157,133330444.08
856,1902028772,2347848,133275438.76
857,1306001623,287015,133233374.2
858,1275683260,1539186,133138286.5
859,1477591055,2217442,133120525.5
860,1689769911,2345963,133093320.82000001
861,1548286172,973270,133069160.27
862,1467493551,2987484,132929640.89
863,1316012263,492046,132674393.51
864,1396771820,1101912,132522598.19
865,1447602032,466127,132498722.33
866,1841236684,11245781,132391899.24
867,1326033929,1413349,132370238.22
868,1447233788,1360699,132156768.49
869,1073516183,1264718,132155587.07
870,1043267727,2081354,132148572.88
871,1497102180,917244,131852871.28
872,1073578431,1289318,131807193.61
873,1891710638,1794313,131714369.96
874,1700024296,805963,131511539.19
875,1942224696,2572004,131507458.54
876,1861522435,1254166,131488965.11
877,1942451216,1939566,131411443.54
878,1043385420,594474,131372047.85
879,1336219195,539622,131257393.79
880,1972545945,1375759,131203141.13
881,1427242163,809118,131048988.57
882,1417915653,150809,130922434.36
883,1578989703,39493,130741378.57
884,1295968162,1786864,130604293.79
885,1710053780,745048,130361485.54
886,1881994762,598320,130284007.37
887,1538378625,191814,130283487.03999999
888,1992043053,1739885,130120855.97
889,1952528408,280214,130071834.3
890,1144681909,1593357,129820746.21
891,1407932775,675931,129788655.84
892,1780708263,587102,129734549.12
893,1114057163,431482,129569367.7
894,1326002049,3803449,129568642.53
895,1235148594,820675,129516924.13
896,1043243538,1104697,129511934.18
897,1518081637,1566529,129475421.82000001
898,1932749512,224253,129273293.39
899,1619062304,874312,129271433.32000001
900,1184715328,988214,129186445.2
901,1558518753,656369,129165018.28
902,1396286423,892634,129127521.54
903,1649342775,1098750,129064685.5
904,1336659085,2759161,129040103.62
905,1356470207,1377142,128945803.46
906,1477589877,2743973,128896804.44
907,1477674828,422669,128752809.57000001
908,1639299274,1006645,128748229.49
909,1790762755,1435302,128544153.34
910,1922157403,1580692,128311369.97
911,1992793269,4216880,128310909.54
912,1154302586,1330717,128310043.16
913,1144378381,689813,128254378.55
914,1790297547,1935584,128230741.8
915,1366561755,573328,128198932.08
916,1528138088,2700377,128113204.24
917,1053359729,3785996,128048228.32
918,1376538991,1202800,127878847.24
919,1639131436,1455034,127735665.89
920,1447300058,833592,127560167.2
921,1891201844,993372,127399061.93
922,1649293028,1392016,127307222.99
923,1174512792,3836178,127254139.73
924,1194994848,357881,127228403.87
925,1497731533,1152990,127184481.22
926,1912980251,5880762,127154168.46
927,1124215785,240446,127002143.6
928,1922001189,3481717,126693546.05
929,1639574635,1051441,126410419.21
930,1518232859,1095470,126382726.36
931,1669538419,968059,126333280.28
932,1982733655,3238388,126193056.38
933,1306878798,174089,125953527.12
934,1548343510,4998449,125880919.96
935,1073588711,4162433,125877340.82
936,1245246917,3749684,125681022.83
937,1821007881,1693653,125540870.57
938,1801803903,3041842,125540831.24
939,1306992151,3130079,125521036.25
940,1053353896,4842004,125459735.4
941,1275566424,794877,125417967.99
942,1902032832,1636417,125339296.1
943,1740254143,2039778,125198712.11
944,1417010604,388998,125120489.54
945,1750395737,3244490,125053508.66
946,1598703647,1972114,124930174.34
947,1043622780,746730,124924756.48
948,1033102942,2897971,124861358.8
949,1669484473,386281,124779639.76
950,1528387859,49946,124648866.14
951,1770573586,1281299,124608403.57000001
952,1376695163,11081370,124587196.2
953,1750765335,2322109,124507981.24
954,1417065111,212775,124504001.35
955,1841271459,2888713,124089508.13
956,1891237012,794988,123916550.75
957,1215982913,1792633,123866311.62
958,1548293343,3341221,123865718.05
959,1205923802,3444220,123835881.14
960,1659424448,898172,123753286.38
961,1275907826,259030,123738248.47
962,1750304044,15244,123728018.35
963,1386852416,3661464,123654513.68
964,1508063710,6949070,123515702.1
965,1376040303,1194936,123450383.25
966,1316450638,652317,123403612.37
967,1649259797,1077935,123283400.59
968,1902835663,1425505,123277284.83
969,1235446725,1253823,122980600.33
970,1821078932,794521,122933601.22
971,1184794257,10920604,122790417.52
972,1699701383,2936462,122700202.51
973,1265782395,200819,122668669.71000001
974,1891102497,2265703,122489039.97
975,1881692390,338134,122479054.91
976,1831264290,506092,122192370.01
977,1235261009,193737,122081974.1
978,1003961426,754409,121886155.18
979,1245307818,8337844,121814554.55
980,1780600577,1853705,121764268.18
981,1821232802,1075311,121646919.85
982,1427005008,2375834,121636680.19
983,1942256888,1946441,121513507.64
984,1902865389,2489029,121499801.76
985,1386854370,412282,121450350.33
986,1528190931,1873230,121386950.7
987,1417011263,483848,121273508.22
988,1548266547,957565,121188457.17
989,1346380870,1973229,121161827.41
990,1184729493,234952,121157577.25
991,1326486861,1189097,121153539.82000001
992,1225067481,1280786,121149594.42999999
993,1205083672,39595,121036198.16
994,1649209230,3297518,120790195.29
995,1922043744,4116346,120162755.91
996,1619348067,1484866,119688072.33
997,1548393143,1295581,119601387.68
998,1598829350,2200577,119487798.5
999,1932652815,600989,119390360.48
1000,1467469023,2827758,119272067.16
